기업명,제목,주소,링크
서울대학교병원,서울대학교병원 마취통증의학과 데이터 엔지니어  채용,서울 종로구,https://www.saramin.co.kr/zf_user/jobs/relay/view?view_type=search&rec_idx=42114344&location=ts&searchword=%EB%8D%B0%EC%9D%B4%ED%84%B0+%EC%97%94%EC%A7%80%EB%8B%88%EC%96%B4&searchType=auto&paid_fl=n
(주)휴머스온,"데이터엔지니어, 데이터 사이언티스트, 데이터 분석가 경력 모집",서울 강남구,https://www.saramin.co.kr/zf_user/jobs/relay/view?view_type=search&rec_idx=42378254&location=ts&searchword=%EB%8D%B0%EC%9D%B4%ED%84%B0+%EC%97%94%EC%A7%80%EB%8B%88%EC%96%B4&searchType=auto&paid_fl=n
(주)버즈니,[업계1위/신입초봉5천]  빅데이터 엔지니어 (Python),서울 관악구,https://www.saramin.co.kr/zf_user/jobs/relay/view?view_type=search&rec_idx=42174747&location=ts&searchword=%EB%8D%B0%EC%9D%B4%ED%84%B0+%EC%97%94%EC%A7%80%EB%8B%88%EC%96%B4&searchType=auto&paid_fl=n
파인트리파트너스(주),[정규직] 데이터컨설턴트/데이터엔지니어/빅데이터개발자 모집,서울 마포구,https://www.saramin.co.kr/zf_user/jobs/relay/view?view_type=search&rec_idx=42111860&location=ts&searchword=%EB%8D%B0%EC%9D%B4%ED%84%B0+%EC%97%94%EC%A7%80%EB%8B%88%EC%96%B4&searchType=auto&paid_fl=n
(주)버터,"머신러닝, 빅데이터 엔지니어 채용",대전 유성구,https://www.saramin.co.kr/zf_user/jobs/relay/view?view_type=search&rec_idx=42388781&location=ts&searchword=%EB%8D%B0%EC%9D%B4%ED%84%B0+%EC%97%94%EC%A7%80%EB%8B%88%EC%96%B4&searchType=auto&paid_fl=n
(주)씨제이이엔엠,CJ ENM 엔터테인먼트부문 AI/ML 및 데이터 엔지니어 경력 채용,서울 중구,https://www.saramin.co.kr/zf_user/jobs/relay/view?view_type=search&rec_idx=42197600&location=ts&searchword=%EB%8D%B0%EC%9D%B4%ED%84%B0+%EC%97%94%EC%A7%80%EB%8B%88%EC%96%B4&searchType=auto&paid_fl=n
코오롱인더스트리(주) FnC부문,데이터 엔지니어(DBA/DA) 경력직 채용,서울 강남구,https://www.saramin.co.kr/zf_user/jobs/relay/view?view_type=search&rec_idx=42359910&location=ts&searchword=%EB%8D%B0%EC%9D%B4%ED%84%B0+%EC%97%94%EC%A7%80%EB%8B%88%EC%96%B4&searchType=auto&paid_fl=n
(주)어니스트펀드,[어니스트펀드] 데이터 엔지니어 채용 (경력 무관),서울 영등포구,https://www.saramin.co.kr/zf_user/jobs/relay/view?view_type=search&rec_idx=42031885&location=ts&searchword=%EB%8D%B0%EC%9D%B4%ED%84%B0+%EC%97%94%EC%A7%80%EB%8B%88%EC%96%B4&searchType=auto&paid_fl=n
(주)스마일게이트알피지,[LOST ARK] 게임 데이터엔지니어 담당 모집,경기 성남시 분당구,https://www.saramin.co.kr/zf_user/jobs/relay/view?view_type=search&rec_idx=42178257&location=ts&searchword=%EB%8D%B0%EC%9D%B4%ED%84%B0+%EC%97%94%EC%A7%80%EB%8B%88%EC%96%B4&searchType=auto&paid_fl=n
(주)드림어스컴퍼니,[뮤직플랫폼 FLO] 데이터 엔지니어 (Python 백엔드 경력자), 서울전체,https://www.saramin.co.kr/zf_user/jobs/relay/view?view_type=search&rec_idx=41615318&location=ts&searchword=%EB%8D%B0%EC%9D%B4%ED%84%B0+%EC%97%94%EC%A7%80%EB%8B%88%EC%96%B4&searchType=auto&paid_fl=n
이지스엔터프라이즈(주),데이터엔지니어(DBA), 서울전체,https://www.saramin.co.kr/zf_user/jobs/relay/view?view_type=search&rec_idx=42063321&location=ts&searchword=%EB%8D%B0%EC%9D%B4%ED%84%B0+%EC%97%94%EC%A7%80%EB%8B%88%EC%96%B4&searchType=auto&paid_fl=n
롯데쇼핑㈜e커머스사업본부,데이터 엔지니어, 서울전체,https://www.saramin.co.kr/zf_user/jobs/relay/view?view_type=search&rec_idx=42306703&location=ts&searchword=%EB%8D%B0%EC%9D%B4%ED%84%B0+%EC%97%94%EC%A7%80%EB%8B%88%EC%96%B4&searchType=auto&paid_fl=n
(주)인플루엔셜,[윌라] 데이터 엔지니어, 서울전체,https://www.saramin.co.kr/zf_user/jobs/relay/view?view_type=search&rec_idx=41571272&location=ts&searchword=%EB%8D%B0%EC%9D%B4%ED%84%B0+%EC%97%94%EC%A7%80%EB%8B%88%EC%96%B4&searchType=auto&paid_fl=n
(주)라인웍스,데이터 엔지니어,서울 서초구,https://www.saramin.co.kr/zf_user/jobs/relay/view?view_type=search&rec_idx=40772177&location=ts&searchword=%EB%8D%B0%EC%9D%B4%ED%84%B0+%EC%97%94%EC%A7%80%EB%8B%88%EC%96%B4&searchType=auto&paid_fl=n
(주)피타소프트,"플랫폼연구소채용:백엔드,프론트엔드,웹퍼블리셔,데이터엔지니어",경기 성남시 분당구,https://www.saramin.co.kr/zf_user/jobs/relay/view?view_type=search&rec_idx=42280336&location=ts&searchword=%EB%8D%B0%EC%9D%B4%ED%84%B0+%EC%97%94%EC%A7%80%EB%8B%88%EC%96%B4&searchType=auto&paid_fl=n
(주)티몬,[티몬] 빅데이터 엔지니어,서울 강남구,https://www.saramin.co.kr/zf_user/jobs/relay/view?view_type=search&rec_idx=42270123&location=ts&searchword=%EB%8D%B0%EC%9D%B4%ED%84%B0+%EC%97%94%EC%A7%80%EB%8B%88%EC%96%B4&searchType=auto&paid_fl=n
(주)더블유컨셉코리아,[W컨셉] 데이터 엔지니어 경력 채용,서울 강남구,https://www.saramin.co.kr/zf_user/jobs/relay/view?view_type=search&rec_idx=42055821&location=ts&searchword=%EB%8D%B0%EC%9D%B4%ED%84%B0+%EC%97%94%EC%A7%80%EB%8B%88%EC%96%B4&searchType=auto&paid_fl=n
인터콘시스템스(주),"[기술연구소] H/W,  S/W,  데이터 엔지니어 모집",경기 안양시 동안구,https://www.saramin.co.kr/zf_user/jobs/relay/view?view_type=search&rec_idx=42337949&location=ts&searchword=%EB%8D%B0%EC%9D%B4%ED%84%B0+%EC%97%94%EC%A7%80%EB%8B%88%EC%96%B4&searchType=auto&paid_fl=n
(주)유비소시어스,대형유통할인점 데이터 엔지니어 (ETL 개발),서울 금천구,https://www.saramin.co.kr/zf_user/jobs/relay/view?view_type=search&rec_idx=42377871&location=ts&searchword=%EB%8D%B0%EC%9D%B4%ED%84%B0+%EC%97%94%EC%A7%80%EB%8B%88%EC%96%B4&searchType=auto&paid_fl=n
(주)유비소시어스,대형유통할인점 데이터 엔지니어 (BI / Web 개발),서울 금천구,https://www.saramin.co.kr/zf_user/jobs/relay/view?view_type=search&rec_idx=42377887&location=ts&searchword=%EB%8D%B0%EC%9D%B4%ED%84%B0+%EC%97%94%EC%A7%80%EB%8B%88%EC%96%B4&searchType=auto&paid_fl=n
(주)헬로서치,[대기업 IT사] 데이터엔지니어 채용,서울 강남구,https://www.saramin.co.kr/zf_user/jobs/relay/view?view_type=search&rec_idx=42304299&location=ts&searchword=%EB%8D%B0%EC%9D%B4%ED%84%B0+%EC%97%94%EC%A7%80%EB%8B%88%EC%96%B4&searchType=auto&paid_fl=n
(주)서울애널리티카,서울애널리티카 데이터엔지니어 / 개발자 모집,서울 동대문구,https://www.saramin.co.kr/zf_user/jobs/relay/view?view_type=search&rec_idx=41948612&location=ts&searchword=%EB%8D%B0%EC%9D%B4%ED%84%B0+%EC%97%94%EC%A7%80%EB%8B%88%EC%96%B4&searchType=auto&paid_fl=n
(주)갤리언컨설팅그룹,[데이터 엔지니어] 뷰티헬스 O2O 플랫폼,서울 송파구,https://www.saramin.co.kr/zf_user/jobs/relay/view?view_type=search&rec_idx=42301016&location=ts&searchword=%EB%8D%B0%EC%9D%B4%ED%84%B0+%EC%97%94%EC%A7%80%EB%8B%88%EC%96%B4&searchType=auto&paid_fl=n
(주)인큐브시스템,외국계 대기업] 컨텐츠 모니터링 데이터 엔지니어  경력직 채용,서울 금천구,https://www.saramin.co.kr/zf_user/jobs/relay/view?view_type=search&rec_idx=42343088&location=ts&searchword=%EB%8D%B0%EC%9D%B4%ED%84%B0+%EC%97%94%EC%A7%80%EB%8B%88%EC%96%B4&searchType=auto&paid_fl=n
(주)갤리언컨설팅그룹,[데이터 엔지니어] 환경가전 전문기업,서울 구로구,https://www.saramin.co.kr/zf_user/jobs/relay/view?view_type=search&rec_idx=42376424&location=ts&searchword=%EB%8D%B0%EC%9D%B4%ED%84%B0+%EC%97%94%EC%A7%80%EB%8B%88%EC%96%B4&searchType=auto&paid_fl=n
(주)라온서치,[의류/오픈마켓/B2B] 데이터 엔지니어 채용 (5년이상),서울 종로구,https://www.saramin.co.kr/zf_user/jobs/relay/view?view_type=search&rec_idx=42399520&location=ts&searchword=%EB%8D%B0%EC%9D%B4%ED%84%B0+%EC%97%94%EC%A7%80%EB%8B%88%EC%96%B4&searchType=auto&paid_fl=n
(주)브레인벤쳐스,데이터 엔지니어 / 추천 시스템 개발자 모집,경기 성남시 수정구,https://www.saramin.co.kr/zf_user/jobs/relay/view?view_type=search&rec_idx=42102837&location=ts&searchword=%EB%8D%B0%EC%9D%B4%ED%84%B0+%EC%97%94%EC%A7%80%EB%8B%88%EC%96%B4&searchType=auto&paid_fl=n
(주)커리어멘토,기업데이터 엔지니어 : 경력(3년이상)-국내 최대 웹툰 플랫폼,서울 강남구,https://www.saramin.co.kr/zf_user/jobs/relay/view?view_type=search&rec_idx=42400172&location=ts&searchword=%EB%8D%B0%EC%9D%B4%ED%84%B0+%EC%97%94%EC%A7%80%EB%8B%88%EC%96%B4&searchType=auto&paid_fl=n
나이스지니데이타주식회사,NICE 지니데이타(주)  데이터 엔지니어(플랫폼) 경력직 채용,서울 영등포구,https://www.saramin.co.kr/zf_user/jobs/relay/view?view_type=search&rec_idx=42226033&location=ts&searchword=%EB%8D%B0%EC%9D%B4%ED%84%B0+%EC%97%94%EC%A7%80%EB%8B%88%EC%96%B4&searchType=auto&paid_fl=n
(주)원더피플,[원더피플]데이터랩팀 데이터엔지니어(DBA) 모집,서울 강남구,https://www.saramin.co.kr/zf_user/jobs/relay/view?view_type=search&rec_idx=42294668&location=ts&searchword=%EB%8D%B0%EC%9D%B4%ED%84%B0+%EC%97%94%EC%A7%80%EB%8B%88%EC%96%B4&searchType=auto&paid_fl=n
(주)원더피플,[원더피플]데이터랩팀 데이터엔지니어 모집,서울 강남구,https://www.saramin.co.kr/zf_user/jobs/relay/view?view_type=search&rec_idx=42294634&location=ts&searchword=%EB%8D%B0%EC%9D%B4%ED%84%B0+%EC%97%94%EC%A7%80%EB%8B%88%EC%96%B4&searchType=auto&paid_fl=n
에이스파트너스,"[태양광대기업] 데이터 엔지니어, 데이터 사이언티스트 부문",서울 중구,https://www.saramin.co.kr/zf_user/jobs/relay/view?view_type=search&rec_idx=42270181&location=ts&searchword=%EB%8D%B0%EC%9D%B4%ED%84%B0+%EC%97%94%EC%A7%80%EB%8B%88%EC%96%B4&searchType=auto&paid_fl=n
(주)안랩,[경력] 데이터 엔지니어(개발자) 채용,경기 성남시 분당구,https://www.saramin.co.kr/zf_user/jobs/relay/view?view_type=search&rec_idx=42292180&location=ts&searchword=%EB%8D%B0%EC%9D%B4%ED%84%B0+%EC%97%94%EC%A7%80%EB%8B%88%EC%96%B4&searchType=auto&paid_fl=n
펑타이그레이터차이나(유),[PTKOERA] 데이터 엔지니어 (계약),서울 강남구,https://www.saramin.co.kr/zf_user/jobs/relay/view?view_type=search&rec_idx=42102673&location=ts&searchword=%EB%8D%B0%EC%9D%B4%ED%84%B0+%EC%97%94%EC%A7%80%EB%8B%88%EC%96%B4&searchType=auto&paid_fl=n
㈜비즈테크파트너스,"[LG그룹] BI/DW파트 데이터 엔지니어, PM,PL 채용",서울 마포구,https://www.saramin.co.kr/zf_user/jobs/relay/view?view_type=search&rec_idx=42194648&location=ts&searchword=%EB%8D%B0%EC%9D%B4%ED%84%B0+%EC%97%94%EC%A7%80%EB%8B%88%EC%96%B4&searchType=auto&paid_fl=n
(주)위메프,[위메프서비스] E-Commerce 데이터엔지니어/NLP개발자,서울 강남구,https://www.saramin.co.kr/zf_user/jobs/relay/view?view_type=search&rec_idx=42187988&location=ts&searchword=%EB%8D%B0%EC%9D%B4%ED%84%B0+%EC%97%94%EC%A7%80%EB%8B%88%EC%96%B4&searchType=auto&paid_fl=n
(주)스마일게이트스토브,[데이터기술] 데이터엔지니어 (Hadoop) 담당,경기 성남시 분당구,https://www.saramin.co.kr/zf_user/jobs/relay/view?view_type=search&rec_idx=41982346&location=ts&searchword=%EB%8D%B0%EC%9D%B4%ED%84%B0+%EC%97%94%EC%A7%80%EB%8B%88%EC%96%B4&searchType=auto&paid_fl=n
(주)스마일게이트스토브,"[데이터기술] 데이터엔지니어 (Kafka, Elasticsearch) 담당",경기 성남시 분당구,https://www.saramin.co.kr/zf_user/jobs/relay/view?view_type=search&rec_idx=41982337&location=ts&searchword=%EB%8D%B0%EC%9D%B4%ED%84%B0+%EC%97%94%EC%A7%80%EB%8B%88%EC%96%B4&searchType=auto&paid_fl=n
(주)더블다운인터액티브,[웹/게임서버 개발]  [데이터 엔지니어] [인프라개발] 경력 모집,서울 강남구,https://www.saramin.co.kr/zf_user/jobs/relay/view?view_type=search&rec_idx=42236172&location=ts&searchword=%EB%8D%B0%EC%9D%B4%ED%84%B0+%EC%97%94%EC%A7%80%EB%8B%88%EC%96%B4&searchType=auto&paid_fl=n
(주)모션투에이아이코리아,"데이터엔지니어 정규직, 인턴직 모집 공고 - 경력무관",서울 금천구,https://www.saramin.co.kr/zf_user/jobs/relay/view?view_type=search&rec_idx=42118711&location=ts&searchword=%EB%8D%B0%EC%9D%B4%ED%84%B0+%EC%97%94%EC%A7%80%EB%8B%88%EC%96%B4&searchType=auto&paid_fl=n
에이스파트너스,Marketing Tech. 데이터엔지니어 경력직 채용,서울 구로구,https://www.saramin.co.kr/zf_user/jobs/relay/view?view_type=search&rec_idx=42361311&location=ts&searchword=%EB%8D%B0%EC%9D%B4%ED%84%B0+%EC%97%94%EC%A7%80%EB%8B%88%EC%96%B4&searchType=auto&paid_fl=n
한스컨설팅,송파구 위치 대기업 계열 인터넷 쇼핑몰 데이터엔지니어,서울 송파구,https://www.saramin.co.kr/zf_user/jobs/relay/view?view_type=search&rec_idx=42289175&location=ts&searchword=%EB%8D%B0%EC%9D%B4%ED%84%B0+%EC%97%94%EC%A7%80%EB%8B%88%EC%96%B4&searchType=auto&paid_fl=n
(주)소프트위즈,"㈜소프트위즈 DBA, 데이터엔지니어 경력직원 모집",서울 강남구,https://www.saramin.co.kr/zf_user/jobs/relay/view?view_type=search&rec_idx=42059196&location=ts&searchword=%EB%8D%B0%EC%9D%B4%ED%84%B0+%EC%97%94%EC%A7%80%EB%8B%88%EC%96%B4&searchType=auto&paid_fl=n
(주)피플케어코리아,[대기업계열사] 빅데이터 엔지니어 채용,서울 강남구,https://www.saramin.co.kr/zf_user/jobs/relay/view?view_type=search&rec_idx=42310495&location=ts&searchword=%EB%8D%B0%EC%9D%B4%ED%84%B0+%EC%97%94%EC%A7%80%EB%8B%88%EC%96%B4&searchType=auto&paid_fl=n
에이치알포유(주),[빅데이터 마케팅 플랫폼 기업] 데이터엔지니어,서울 강남구,https://www.saramin.co.kr/zf_user/jobs/relay/view?view_type=search&rec_idx=42377162&location=ts&searchword=%EB%8D%B0%EC%9D%B4%ED%84%B0+%EC%97%94%EC%A7%80%EB%8B%88%EC%96%B4&searchType=auto&paid_fl=n
(주)인터파크,데이터 엔지니어, 서울전체,https://www.saramin.co.kr/zf_user/jobs/relay/view?view_type=search&rec_idx=41341317&location=ts&searchword=%EB%8D%B0%EC%9D%B4%ED%84%B0+%EC%97%94%EC%A7%80%EB%8B%88%EC%96%B4&searchType=auto&paid_fl=n
원스토어(주),데이터 엔지니어 채용,경기 성남시 분당구,https://www.saramin.co.kr/zf_user/jobs/relay/view?view_type=search&rec_idx=40533813&location=ts&searchword=%EB%8D%B0%EC%9D%B4%ED%84%B0+%EC%97%94%EC%A7%80%EB%8B%88%EC%96%B4&searchType=auto&paid_fl=n
(주)이랜드이노플,데이터 엔지니어 채용, 서울전체,https://www.saramin.co.kr/zf_user/jobs/relay/view?view_type=search&rec_idx=42018721&location=ts&searchword=%EB%8D%B0%EC%9D%B4%ED%84%B0+%EC%97%94%EC%A7%80%EB%8B%88%EC%96%B4&searchType=auto&paid_fl=n
(주)셀바스에이아이,데이터 엔지니어 개발자, 서울전체,https://www.saramin.co.kr/zf_user/jobs/relay/view?view_type=search&rec_idx=39928968&location=ts&searchword=%EB%8D%B0%EC%9D%B4%ED%84%B0+%EC%97%94%EC%A7%80%EB%8B%88%EC%96%B4&searchType=auto&paid_fl=n
(주)이글루시큐리티,데이터 엔지니어, 서울전체,https://www.saramin.co.kr/zf_user/jobs/relay/view?view_type=search&rec_idx=42014336&location=ts&searchword=%EB%8D%B0%EC%9D%B4%ED%84%B0+%EC%97%94%EC%A7%80%EB%8B%88%EC%96%B4&searchType=auto&paid_fl=n
(주)광개토연구소,빅데이터 데이터 엔지니어, 서울전체,https://www.saramin.co.kr/zf_user/jobs/relay/view?view_type=search&rec_idx=41252662&location=ts&searchword=%EB%8D%B0%EC%9D%B4%ED%84%B0+%EC%97%94%EC%A7%80%EB%8B%88%EC%96%B4&searchType=auto&paid_fl=n
(주)해동엔지니어링,데이터엔지니어 경력 모집,경북 포항시,https://www.saramin.co.kr/zf_user/jobs/relay/view?view_type=search&rec_idx=40636909&location=ts&searchword=%EB%8D%B0%EC%9D%B4%ED%84%B0+%EC%97%94%EC%A7%80%EB%8B%88%EC%96%B4&searchType=auto&paid_fl=n
(주)휴머스온,데이터 엔지니어,경력 3~12년,https://www.saramin.co.kr/zf_user/jobs/relay/view?view_type=search&rec_idx=42001473&location=ts&searchword=%EB%8D%B0%EC%9D%B4%ED%84%B0+%EC%97%94%EC%A7%80%EB%8B%88%EC%96%B4&searchType=auto&paid_fl=n
원스탭에이치알(주),[여의도]대기업 본사 WEB/APP 디자이너 및 데이터 엔지니어 채용,서울 영등포구,https://www.saramin.co.kr/zf_user/jobs/relay/view?view_type=search&rec_idx=42181912&location=ts&searchword=%EB%8D%B0%EC%9D%B4%ED%84%B0+%EC%97%94%EC%A7%80%EB%8B%88%EC%96%B4&searchType=auto&paid_fl=n
(주)버즈니,[전문연구요원/신입가능] 데이터 엔지니어 - 병역특례, 서울전체,https://www.saramin.co.kr/zf_user/jobs/relay/view?view_type=search&rec_idx=41613707&location=ts&searchword=%EB%8D%B0%EC%9D%B4%ED%84%B0+%EC%97%94%EC%A7%80%EB%8B%88%EC%96%B4&searchType=auto&paid_fl=n
(주)버즈니,[업계1위/초봉5천] 데이터 엔지니어 (Python), 서울전체,https://www.saramin.co.kr/zf_user/jobs/relay/view?view_type=search&rec_idx=41527902&location=ts&searchword=%EB%8D%B0%EC%9D%B4%ED%84%B0+%EC%97%94%EC%A7%80%EB%8B%88%EC%96%B4&searchType=auto&paid_fl=n
(주)발란,데이터 엔지니어 (3년 이상), 서울전체,https://www.saramin.co.kr/zf_user/jobs/relay/view?view_type=search&rec_idx=41897989&location=ts&searchword=%EB%8D%B0%EC%9D%B4%ED%84%B0+%EC%97%94%EC%A7%80%EB%8B%88%EC%96%B4&searchType=auto&paid_fl=n
(주)비브로스,데이터 엔지니어, 서울전체,https://www.saramin.co.kr/zf_user/jobs/relay/view?view_type=search&rec_idx=41954507&location=ts&searchword=%EB%8D%B0%EC%9D%B4%ED%84%B0+%EC%97%94%EC%A7%80%EB%8B%88%EC%96%B4&searchType=auto&paid_fl=n
차봇모빌리티(주),데이터 엔지니어,서울 성동구,https://www.saramin.co.kr/zf_user/jobs/relay/view?view_type=search&rec_idx=40541018&location=ts&searchword=%EB%8D%B0%EC%9D%B4%ED%84%B0+%EC%97%94%EC%A7%80%EB%8B%88%EC%96%B4&searchType=auto&paid_fl=n
(주)베스텔라랩,[베스텔라랩] 빅데이터 엔지니어, 경기전체,https://www.saramin.co.kr/zf_user/jobs/relay/view?view_type=search&rec_idx=41744847&location=ts&searchword=%EB%8D%B0%EC%9D%B4%ED%84%B0+%EC%97%94%EC%A7%80%EB%8B%88%EC%96%B4&searchType=auto&paid_fl=n
(주)피플펀드컴퍼니,데이터 엔지니어 (Data Engineer), 서울전체,https://www.saramin.co.kr/zf_user/jobs/relay/view?view_type=search&rec_idx=41782363&location=ts&searchword=%EB%8D%B0%EC%9D%B4%ED%84%B0+%EC%97%94%EC%A7%80%EB%8B%88%EC%96%B4&searchType=auto&paid_fl=n
버즈앤비(주),데이터 엔지니어 채용, 경기전체,https://www.saramin.co.kr/zf_user/jobs/relay/view?view_type=search&rec_idx=40955153&location=ts&searchword=%EB%8D%B0%EC%9D%B4%ED%84%B0+%EC%97%94%EC%A7%80%EB%8B%88%EC%96%B4&searchType=auto&paid_fl=n
(주)백패커,[아이디어스] 데이터 엔지니어 (Data Engineer) / 경력 2년 이상, 서울전체,https://www.saramin.co.kr/zf_user/jobs/relay/view?view_type=search&rec_idx=41335910&location=ts&searchword=%EB%8D%B0%EC%9D%B4%ED%84%B0+%EC%97%94%EC%A7%80%EB%8B%88%EC%96%B4&searchType=auto&paid_fl=n
(주)매스프레소,Data Engineer (데이터 엔지니어), 서울전체,https://www.saramin.co.kr/zf_user/jobs/relay/view?view_type=search&rec_idx=40738382&location=ts&searchword=%EB%8D%B0%EC%9D%B4%ED%84%B0+%EC%97%94%EC%A7%80%EB%8B%88%EC%96%B4&searchType=auto&paid_fl=n
(주)두핸즈,[두핸즈] 데이터 엔지니어, 서울전체,https://www.saramin.co.kr/zf_user/jobs/relay/view?view_type=search&rec_idx=41851905&location=ts&searchword=%EB%8D%B0%EC%9D%B4%ED%84%B0+%EC%97%94%EC%A7%80%EB%8B%88%EC%96%B4&searchType=auto&paid_fl=n
(주)골라라,"[골라라] 데이터 엔지니어, 분석가(Data Engineer / Analyst)", 서울전체,https://www.saramin.co.kr/zf_user/jobs/relay/view?view_type=search&rec_idx=41768794&location=ts&searchword=%EB%8D%B0%EC%9D%B4%ED%84%B0+%EC%97%94%EC%A7%80%EB%8B%88%EC%96%B4&searchType=auto&paid_fl=n
성우시스템,데이터엔지니어&데이터분석가 정규직/프리랜서 채용 - 경력,경북 구미시,https://www.saramin.co.kr/zf_user/jobs/relay/view?view_type=search&rec_idx=42179413&location=ts&searchword=%EB%8D%B0%EC%9D%B4%ED%84%B0+%EC%97%94%EC%A7%80%EB%8B%88%EC%96%B4&searchType=auto&paid_fl=n
(주)그린랩스,데이터 엔지니어, 서울전체,https://www.saramin.co.kr/zf_user/jobs/relay/view?view_type=search&rec_idx=42275359&location=ts&searchword=%EB%8D%B0%EC%9D%B4%ED%84%B0+%EC%97%94%EC%A7%80%EB%8B%88%EC%96%B4&searchType=auto&paid_fl=n
(주)마이리얼트립,데이터 엔지니어, 서울전체,https://www.saramin.co.kr/zf_user/jobs/relay/view?view_type=search&rec_idx=40911723&location=ts&searchword=%EB%8D%B0%EC%9D%B4%ED%84%B0+%EC%97%94%EC%A7%80%EB%8B%88%EC%96%B4&searchType=auto&paid_fl=n
(주)누비랩,Depth 데이터 엔지니어,서울 강남구,https://www.saramin.co.kr/zf_user/jobs/relay/view?view_type=search&rec_idx=40769739&location=ts&searchword=%EB%8D%B0%EC%9D%B4%ED%84%B0+%EC%97%94%EC%A7%80%EB%8B%88%EC%96%B4&searchType=auto&paid_fl=n
(주)골든플래닛,데이터 엔지니어,서울 강남구,https://www.saramin.co.kr/zf_user/jobs/relay/view?view_type=search&rec_idx=40374087&location=ts&searchword=%EB%8D%B0%EC%9D%B4%ED%84%B0+%EC%97%94%EC%A7%80%EB%8B%88%EC%96%B4&searchType=auto&paid_fl=n
피플라이프(주),데이터엔지니어 경력, 서울전체,https://www.saramin.co.kr/zf_user/jobs/relay/view?view_type=search&rec_idx=40986975&location=ts&searchword=%EB%8D%B0%EC%9D%B4%ED%84%B0+%EC%97%94%EC%A7%80%EB%8B%88%EC%96%B4&searchType=auto&paid_fl=n
(주)인터파크,[인터파크] 데이터 엔지니어,서울 강남구,https://www.saramin.co.kr/zf_user/jobs/relay/view?view_type=search&rec_idx=42096276&location=ts&searchword=%EB%8D%B0%EC%9D%B4%ED%84%B0+%EC%97%94%EC%A7%80%EB%8B%88%EC%96%B4&searchType=auto&paid_fl=n
(주)아티큐,데이터 엔지니어 모집,서울 서초구,https://www.saramin.co.kr/zf_user/jobs/relay/view?view_type=search&rec_idx=42317500&location=ts&searchword=%EB%8D%B0%EC%9D%B4%ED%84%B0+%EC%97%94%EC%A7%80%EB%8B%88%EC%96%B4&searchType=auto&paid_fl=n
(주)라이앤캐처스,"JAVA 백엔드 개발, 데이터엔지니어, 아키텍트(AA)",서울 영등포구,https://www.saramin.co.kr/zf_user/jobs/relay/view?view_type=search&rec_idx=42249495&location=ts&searchword=%EB%8D%B0%EC%9D%B4%ED%84%B0+%EC%97%94%EC%A7%80%EB%8B%88%EC%96%B4&searchType=auto&paid_fl=n
버즈앤비(주),버즈앤비(주) 데이터 엔지니어 채용,경기 성남시 분당구,https://www.saramin.co.kr/zf_user/jobs/relay/view?view_type=search&rec_idx=42072702&location=ts&searchword=%EB%8D%B0%EC%9D%B4%ED%84%B0+%EC%97%94%EC%A7%80%EB%8B%88%EC%96%B4&searchType=auto&paid_fl=n
유비스 코리아,대기업e커머스 데이터엔지니어 대리과장급,서울 마포구,https://www.saramin.co.kr/zf_user/jobs/relay/view?view_type=search&rec_idx=42382283&location=ts&searchword=%EB%8D%B0%EC%9D%B4%ED%84%B0+%EC%97%94%EC%A7%80%EB%8B%88%EC%96%B4&searchType=auto&paid_fl=n
굿커리어,[업계 1위 물류플랫폼 기업] 데이터 엔지니어,서울 강남구,https://www.saramin.co.kr/zf_user/jobs/relay/view?view_type=search&rec_idx=42254375&location=ts&searchword=%EB%8D%B0%EC%9D%B4%ED%84%B0+%EC%97%94%EC%A7%80%EB%8B%88%EC%96%B4&searchType=auto&paid_fl=n
(주)HR컨설팅그룹,[대기업분사 IT기업] 데이터엔지니어/ERP·MES 개발 컨설턴트,서울 금천구,https://www.saramin.co.kr/zf_user/jobs/relay/view?view_type=search&rec_idx=42268049&location=ts&searchword=%EB%8D%B0%EC%9D%B4%ED%84%B0+%EC%97%94%EC%A7%80%EB%8B%88%EC%96%B4&searchType=auto&paid_fl=n
콘센트릭스서비스코리아(유),(글로벌디지털마케팅)  ML/DL 모델링 / 데이터엔지니어 채용,서울 강남구,https://www.saramin.co.kr/zf_user/jobs/relay/view?view_type=search&rec_idx=42189543&location=ts&searchword=%EB%8D%B0%EC%9D%B4%ED%84%B0+%EC%97%94%EC%A7%80%EB%8B%88%EC%96%B4&searchType=auto&paid_fl=n
주식회사 써머스플랫폼,[에누리가격비교]데이터사이언티스트/엔지니어 신입~경력직 채용,서울 금천구,https://www.saramin.co.kr/zf_user/jobs/relay/view?view_type=search&rec_idx=42384072&location=ts&searchword=%EB%8D%B0%EC%9D%B4%ED%84%B0+%EC%97%94%EC%A7%80%EB%8B%88%EC%96%B4&searchType=auto&paid_fl=n
(주)디케이테크인,[카카오자회사] 카카오뱅크 데이터센터 엔지니어 채용,경기 성남시 분당구,https://www.saramin.co.kr/zf_user/jobs/relay/view?view_type=search&rec_idx=42249939&location=ts&searchword=%EB%8D%B0%EC%9D%B4%ED%84%B0+%EC%97%94%EC%A7%80%EB%8B%88%EC%96%B4&searchType=auto&paid_fl=n
(주)혁산정보시스템,"[데이터 처리(오라클,MSSQL) / PC수리(원격)엔지니어] 모집",서울 영등포구,https://www.saramin.co.kr/zf_user/jobs/relay/view?view_type=search&rec_idx=42351455&location=ts&searchword=%EB%8D%B0%EC%9D%B4%ED%84%B0+%EC%97%94%EC%A7%80%EB%8B%88%EC%96%B4&searchType=auto&paid_fl=n
(주)토니모리,"경력직 채용(개발자, 데이터 분석가, 인프라엔지니어 외)",서울 서초구,https://www.saramin.co.kr/zf_user/jobs/relay/view?view_type=search&rec_idx=42109546&location=ts&searchword=%EB%8D%B0%EC%9D%B4%ED%84%B0+%EC%97%94%EC%A7%80%EB%8B%88%EC%96%B4&searchType=auto&paid_fl=n
메이븐클라우드서비스(주),"데이터시각화, RPA 개발자, Azure 엔지니어 (신입/경력)",서울 강남구,https://www.saramin.co.kr/zf_user/jobs/relay/view?view_type=search&rec_idx=42219308&location=ts&searchword=%EB%8D%B0%EC%9D%B4%ED%84%B0+%EC%97%94%EC%A7%80%EB%8B%88%EC%96%B4&searchType=auto&paid_fl=n
(주)스마일게이트메가포트,[BI] 데이터엔지니어링 담당 (하둡 엔지니어) 모집,경기 성남시 분당구,https://www.saramin.co.kr/zf_user/jobs/relay/view?view_type=search&rec_idx=42189877&location=ts&searchword=%EB%8D%B0%EC%9D%B4%ED%84%B0+%EC%97%94%EC%A7%80%EB%8B%88%EC%96%B4&searchType=auto&paid_fl=n
(주)엠토스솔루션스,[신입/경력] 목동IDC(데이터센터) 서버 엔지니어 채용,서울 양천구,https://www.saramin.co.kr/zf_user/jobs/relay/view?view_type=search&rec_idx=42200032&location=ts&searchword=%EB%8D%B0%EC%9D%B4%ED%84%B0+%EC%97%94%EC%A7%80%EB%8B%88%EC%96%B4&searchType=auto&paid_fl=n
(주)이젠아카데미,"[97% 취업캠프] 풀스택 자바, 빅데이터, 카티아설계 엔지니어 채용연계",서울 강남구,https://www.saramin.co.kr/zf_user/jobs/relay/view?view_type=search&rec_idx=42371019&location=ts&searchword=%EB%8D%B0%EC%9D%B4%ED%84%B0+%EC%97%94%EC%A7%80%EB%8B%88%EC%96%B4&searchType=auto&paid_fl=n
한국데이터통신,"IDC(데이터센터), Cloud(클라우드) 엔지니어를 모십니다.",서울 금천구,https://www.saramin.co.kr/zf_user/jobs/relay/view?view_type=search&rec_idx=42123260&location=ts&searchword=%EB%8D%B0%EC%9D%B4%ED%84%B0+%EC%97%94%EC%A7%80%EB%8B%88%EC%96%B4&searchType=auto&paid_fl=n
한국데이터통신,IDC 인터넷데이터센터 엔지니어 정규직 모집,서울 금천구,https://www.saramin.co.kr/zf_user/jobs/relay/view?view_type=search&rec_idx=41973896&location=ts&searchword=%EB%8D%B0%EC%9D%B4%ED%84%B0+%EC%97%94%EC%A7%80%EB%8B%88%EC%96%B4&searchType=auto&paid_fl=n
(주)에이모,[에이모] 자율주행 센서 데이터 수집/정제 엔지니어 모집,경기 성남시 분당구,https://www.saramin.co.kr/zf_user/jobs/relay/view?view_type=search&rec_idx=41941784&location=ts&searchword=%EB%8D%B0%EC%9D%B4%ED%84%B0+%EC%97%94%EC%A7%80%EB%8B%88%EC%96%B4&searchType=auto&paid_fl=n
(주)비플레이스,빅데이터 플랫폼 엔지니어 / 분석가 모집,서울 서초구,https://www.saramin.co.kr/zf_user/jobs/relay/view?view_type=search&rec_idx=42160555&location=ts&searchword=%EB%8D%B0%EC%9D%B4%ED%84%B0+%EC%97%94%EC%A7%80%EB%8B%88%EC%96%B4&searchType=auto&paid_fl=n
(주)스마일게이트메가포트,[BI] 데이터엔지니어링 담당 (DW엔지니어) (시니어) 모집,경기 성남시 분당구,https://www.saramin.co.kr/zf_user/jobs/relay/view?view_type=search&rec_idx=42174762&location=ts&searchword=%EB%8D%B0%EC%9D%B4%ED%84%B0+%EC%97%94%EC%A7%80%EB%8B%88%EC%96%B4&searchType=auto&paid_fl=n
(주)스마일게이트메가포트,[BI] 데이터엔지니어링 담당 (DW엔지니어) (주니어) 모집,경기 성남시 분당구,https://www.saramin.co.kr/zf_user/jobs/relay/view?view_type=search&rec_idx=42174813&location=ts&searchword=%EB%8D%B0%EC%9D%B4%ED%84%B0+%EC%97%94%EC%A7%80%EB%8B%88%EC%96%B4&searchType=auto&paid_fl=n
데브시스터즈(주),[데브시스터즈] 데이터 포털 웹 개발 엔지니어(경력),서울 강남구,https://www.saramin.co.kr/zf_user/jobs/relay/view?view_type=search&rec_idx=41888670&location=ts&searchword=%EB%8D%B0%EC%9D%B4%ED%84%B0+%EC%97%94%EC%A7%80%EB%8B%88%EC%96%B4&searchType=auto&paid_fl=n
(주)위메프,[위메프서비스] NoSQL 데이터베이스 엔지니어,서울 강남구,https://www.saramin.co.kr/zf_user/jobs/relay/view?view_type=search&rec_idx=42354384&location=ts&searchword=%EB%8D%B0%EC%9D%B4%ED%84%B0+%EC%97%94%EC%A7%80%EB%8B%88%EC%96%B4&searchType=auto&paid_fl=n
(주)트루인테크놀로지스,데이터베이스 엔지니어(신입/경력) 채용,대전 서구,https://www.saramin.co.kr/zf_user/jobs/relay/view?view_type=search&rec_idx=42158579&location=ts&searchword=%EB%8D%B0%EC%9D%B4%ED%84%B0+%EC%97%94%EC%A7%80%EB%8B%88%EC%96%B4&searchType=auto&paid_fl=n
(주)브이엔티지,빅데이터 시스템 엔지니어 (Bigdata System Engineer),서울 마포구,https://www.saramin.co.kr/zf_user/jobs/relay/view?view_type=search&rec_idx=42224983&location=ts&searchword=%EB%8D%B0%EC%9D%B4%ED%84%B0+%EC%97%94%EC%A7%80%EB%8B%88%EC%96%B4&searchType=auto&paid_fl=n
몽타(주),[몽타(주)] 빅데이터 영업/엔지니어 채용,서울 동작구,https://www.saramin.co.kr/zf_user/jobs/relay/view?view_type=search&rec_idx=42386185&location=ts&searchword=%EB%8D%B0%EC%9D%B4%ED%84%B0+%EC%97%94%EC%A7%80%EB%8B%88%EC%96%B4&searchType=auto&paid_fl=n
(주)케이디엑스한국데이터거래소,데이터 분석 / 엔지니어 분야 정규직(경력) 채용,서울 중구,https://www.saramin.co.kr/zf_user/jobs/relay/view?view_type=search&rec_idx=42263747&location=ts&searchword=%EB%8D%B0%EC%9D%B4%ED%84%B0+%EC%97%94%EC%A7%80%EB%8B%88%EC%96%B4&searchType=auto&paid_fl=n
(주)이랜드이노플,데이터서비스 개발 엔지니어 채용, 서울전체,https://www.saramin.co.kr/zf_user/jobs/relay/view?view_type=search&rec_idx=42018375&location=ts&searchword=%EB%8D%B0%EC%9D%B4%ED%84%B0+%EC%97%94%EC%A7%80%EB%8B%88%EC%96%B4&searchType=auto&paid_fl=n
(주)브이엔티지,빅데이터 시스템 엔지니어 (Bigdata System Engineer), 서울전체,https://www.saramin.co.kr/zf_user/jobs/relay/view?view_type=search&rec_idx=41688957&location=ts&searchword=%EB%8D%B0%EC%9D%B4%ED%84%B0+%EC%97%94%EC%A7%80%EB%8B%88%EC%96%B4&searchType=auto&paid_fl=n
(주)로이드케이,2022 데이터/보안 엔지니어 모집,경기 성남시 수정구,https://www.saramin.co.kr/zf_user/jobs/relay/view?view_type=search&rec_idx=42174380&location=ts&searchword=%EB%8D%B0%EC%9D%B4%ED%84%B0+%EC%97%94%EC%A7%80%EB%8B%88%EC%96%B4&searchType=auto&paid_fl=n
(주)크몽,[크몽] 데이터 플랫폼 엔지니어, 서울전체,https://www.saramin.co.kr/zf_user/jobs/relay/view?view_type=search&rec_idx=41651823&location=ts&searchword=%EB%8D%B0%EC%9D%B4%ED%84%B0+%EC%97%94%EC%A7%80%EB%8B%88%EC%96%B4&searchType=auto&paid_fl=n
(주)노티플러스,머신러닝 엔지니어&데이터 사이언티스트 채용,서울 강남구,https://www.saramin.co.kr/zf_user/jobs/relay/view?view_type=search&rec_idx=42263729&location=ts&searchword=%EB%8D%B0%EC%9D%B4%ED%84%B0+%EC%97%94%EC%A7%80%EB%8B%88%EC%96%B4&searchType=auto&paid_fl=n
매버릭컨설팅㈜,IT 인프라 엔지니어 ( 서버 관리/데이터베이스 관리 ),서울 서초구,https://www.saramin.co.kr/zf_user/jobs/relay/view?view_type=search&rec_idx=42397844&location=ts&searchword=%EB%8D%B0%EC%9D%B4%ED%84%B0+%EC%97%94%EC%A7%80%EB%8B%88%EC%96%B4&searchType=auto&paid_fl=n
(주)메타넷글로벌,[메타넷글로벌] Data Engineer 신입/경력직 채용,서울 강남구,https://www.saramin.co.kr/zf_user/jobs/relay/view?view_type=search&rec_idx=42380071&location=ts&searchword=%EB%8D%B0%EC%9D%B4%ED%84%B0+%EC%97%94%EC%A7%80%EB%8B%88%EC%96%B4&searchType=auto&paid_fl=n
(주)테서,AI Engineer : 의료 영상 데이터 활용 딥러닝 알고리즘 개발,서울 강남구,https://www.saramin.co.kr/zf_user/jobs/relay/view?view_type=search&rec_idx=42064151&location=ts&searchword=%EB%8D%B0%EC%9D%B4%ED%84%B0+%EC%97%94%EC%A7%80%EB%8B%88%EC%96%B4&searchType=auto&paid_fl=n
나이스지니데이타주식회사,NICE 지니데이타(주) 웹개발/ 시스템엔지니어 채용,서울 영등포구,https://www.saramin.co.kr/zf_user/jobs/relay/view?view_type=search&rec_idx=42225758&location=ts&searchword=%EB%8D%B0%EC%9D%B4%ED%84%B0+%EC%97%94%EC%A7%80%EB%8B%88%EC%96%B4&searchType=auto&paid_fl=n
한화테크윈(주),Data Engineer, 경기전체,https://www.saramin.co.kr/zf_user/jobs/relay/view?view_type=search&rec_idx=42353081&location=ts&searchword=%EB%8D%B0%EC%9D%B4%ED%84%B0+%EC%97%94%EC%A7%80%EB%8B%88%EC%96%B4&searchType=auto&paid_fl=n
노을(주),Data Engineer 채용, 경기전체,https://www.saramin.co.kr/zf_user/jobs/relay/view?view_type=search&rec_idx=42039327&location=ts&searchword=%EB%8D%B0%EC%9D%B4%ED%84%B0+%EC%97%94%EC%A7%80%EB%8B%88%EC%96%B4&searchType=auto&paid_fl=n
(주)티빙,[티빙] Data Engineer, 서울전체,https://www.saramin.co.kr/zf_user/jobs/relay/view?view_type=search&rec_idx=42277852&location=ts&searchword=%EB%8D%B0%EC%9D%B4%ED%84%B0+%EC%97%94%EC%A7%80%EB%8B%88%EC%96%B4&searchType=auto&paid_fl=n
(주)타이로스코프,분석 지원 Data Scientist/Engineer, 울산전체,https://www.saramin.co.kr/zf_user/jobs/relay/view?view_type=search&rec_idx=42148017&location=ts&searchword=%EB%8D%B0%EC%9D%B4%ED%84%B0+%EC%97%94%EC%A7%80%EB%8B%88%EC%96%B4&searchType=auto&paid_fl=n
(주)뤼이드,Data Engineer, 서울전체,https://www.saramin.co.kr/zf_user/jobs/relay/view?view_type=search&rec_idx=41907900&location=ts&searchword=%EB%8D%B0%EC%9D%B4%ED%84%B0+%EC%97%94%EC%A7%80%EB%8B%88%EC%96%B4&searchType=auto&paid_fl=n
(주)데이타뱅크,[데이타뱅크] Cloud 사업부 Cloud 엔지니어 모집,대구 수성구,https://www.saramin.co.kr/zf_user/jobs/relay/view?view_type=search&rec_idx=41973543&location=ts&searchword=%EB%8D%B0%EC%9D%B4%ED%84%B0+%EC%97%94%EC%A7%80%EB%8B%88%EC%96%B4&searchType=auto&paid_fl=n
HR컨설팅(주),유명정보통신 Data Analytics Engineer/Solution Architect/어플,서울 강남구,https://www.saramin.co.kr/zf_user/jobs/relay/view?view_type=search&rec_idx=42316066&location=ts&searchword=%EB%8D%B0%EC%9D%B4%ED%84%B0+%EC%97%94%EC%A7%80%EB%8B%88%EC%96%B4&searchType=auto&paid_fl=n
주식회사 플리토,Data/Machine Learning Engineer 채용 (신입),서울 강남구,https://www.saramin.co.kr/zf_user/jobs/relay/view?view_type=search&rec_idx=42061780&location=ts&searchword=%EB%8D%B0%EC%9D%B4%ED%84%B0+%EC%97%94%EC%A7%80%EB%8B%88%EC%96%B4&searchType=auto&paid_fl=n
㈜피플스카우트,[Health & Beauty 커머스]Data Engineer,서울 강남구,https://www.saramin.co.kr/zf_user/jobs/relay/view?view_type=search&rec_idx=42344554&location=ts&searchword=%EB%8D%B0%EC%9D%B4%ED%84%B0+%EC%97%94%EC%A7%80%EB%8B%88%EC%96%B4&searchType=auto&paid_fl=n
(주)리앤파트너,[가상자산 거래소기업] Data Engineer  (정규직),서울 서초구,https://www.saramin.co.kr/zf_user/jobs/relay/view?view_type=search&rec_idx=42362154&location=ts&searchword=%EB%8D%B0%EC%9D%B4%ED%84%B0+%EC%97%94%EC%A7%80%EB%8B%88%EC%96%B4&searchType=auto&paid_fl=n
(주)스컬드랩스,[스컬드랩스] Data Engineer,서울 서초구,https://www.saramin.co.kr/zf_user/jobs/relay/view?view_type=search&rec_idx=41934159&location=ts&searchword=%EB%8D%B0%EC%9D%B4%ED%84%B0+%EC%97%94%EC%A7%80%EB%8B%88%EC%96%B4&searchType=auto&paid_fl=n
에이스파트너스,Data Engineer (~부장),서울 강남구,https://www.saramin.co.kr/zf_user/jobs/relay/view?view_type=search&rec_idx=42296555&location=ts&searchword=%EB%8D%B0%EC%9D%B4%ED%84%B0+%EC%97%94%EC%A7%80%EB%8B%88%EC%96%B4&searchType=auto&paid_fl=n
(주)온다,[ONDA] Data Engineer를 모십니다.,서울 강남구,https://www.saramin.co.kr/zf_user/jobs/relay/view?view_type=search&rec_idx=41938106&location=ts&searchword=%EB%8D%B0%EC%9D%B4%ED%84%B0+%EC%97%94%EC%A7%80%EB%8B%88%EC%96%B4&searchType=auto&paid_fl=n
맨파워스카우트,대기업 DATA 엔지니어,서울 중구,https://www.saramin.co.kr/zf_user/jobs/relay/view?view_type=search&rec_idx=42395605&location=ts&searchword=%EB%8D%B0%EC%9D%B4%ED%84%B0+%EC%97%94%EC%A7%80%EB%8B%88%EC%96%B4&searchType=auto&paid_fl=n
(주)솔로몬텍,Data Engineer (Big Data Platform) 채용,서울 영등포구,https://www.saramin.co.kr/zf_user/jobs/relay/view?view_type=search&rec_idx=42298057&location=ts&searchword=%EB%8D%B0%EC%9D%B4%ED%84%B0+%EC%97%94%EC%A7%80%EB%8B%88%EC%96%B4&searchType=auto&paid_fl=n
(주)맨파워그룹코리아,"[외국계 제약사]한국 MSD, Data Engineer 채용",서울 중구,https://www.saramin.co.kr/zf_user/jobs/relay/view?view_type=search&rec_idx=42192769&location=ts&searchword=%EB%8D%B0%EC%9D%B4%ED%84%B0+%EC%97%94%EC%A7%80%EB%8B%88%EC%96%B4&searchType=auto&paid_fl=n
(주)메쉬코리아,[메쉬코리아(부릉)] Senior Data Engineer 경력직 채용,서울 강남구,https://www.saramin.co.kr/zf_user/jobs/relay/view?view_type=search&rec_idx=42087069&location=ts&searchword=%EB%8D%B0%EC%9D%B4%ED%84%B0+%EC%97%94%EC%A7%80%EB%8B%88%EC%96%B4&searchType=auto&paid_fl=n
(주)메쉬코리아,[메쉬코리아(부릉)] Data Engineer(전문연구요원 가능) 채용,서울 강남구,https://www.saramin.co.kr/zf_user/jobs/relay/view?view_type=search&rec_idx=42320630&location=ts&searchword=%EB%8D%B0%EC%9D%B4%ED%84%B0+%EC%97%94%EC%A7%80%EB%8B%88%EC%96%B4&searchType=auto&paid_fl=n
(주)재이앤만,Data/Sorftware 운영 Engineer 모집,서울 서초구,https://www.saramin.co.kr/zf_user/jobs/relay/view?view_type=search&rec_idx=42123453&location=ts&searchword=%EB%8D%B0%EC%9D%B4%ED%84%B0+%EC%97%94%EC%A7%80%EB%8B%88%EC%96%B4&searchType=auto&paid_fl=n
HeNny & McCoy,[유명기업] IT Data Analyst / Data Engineer,서울 강남구,https://www.saramin.co.kr/zf_user/jobs/relay/view?view_type=search&rec_idx=42357361&location=ts&searchword=%EB%8D%B0%EC%9D%B4%ED%84%B0+%EC%97%94%EC%A7%80%EB%8B%88%EC%96%B4&searchType=auto&paid_fl=n
휴머레인컨설팅,긴급) 업계 최고 대기업 - Data Engineer - 최우대,서울 강남구,https://www.saramin.co.kr/zf_user/jobs/relay/view?view_type=search&rec_idx=42364892&location=ts&searchword=%EB%8D%B0%EC%9D%B4%ED%84%B0+%EC%97%94%EC%A7%80%EB%8B%88%EC%96%B4&searchType=auto&paid_fl=n
휴머레인컨설팅,긴급) Data Engineer - 업계 최고 대기업 - 최우대, 서울전체,https://www.saramin.co.kr/zf_user/jobs/relay/view?view_type=search&rec_idx=42364896&location=ts&searchword=%EB%8D%B0%EC%9D%B4%ED%84%B0+%EC%97%94%EC%A7%80%EB%8B%88%EC%96%B4&searchType=auto&paid_fl=n
씨제이올리브네트웍스(주),Data Science Engineer, 서울전체,https://www.saramin.co.kr/zf_user/jobs/relay/view?view_type=search&rec_idx=41597012&location=ts&searchword=%EB%8D%B0%EC%9D%B4%ED%84%B0+%EC%97%94%EC%A7%80%EB%8B%88%EC%96%B4&searchType=auto&paid_fl=n
(주)맨파워코리아,[나스닥 IT기업] Data Center Field Engineer,서울 강남구,https://www.saramin.co.kr/zf_user/jobs/relay/view?view_type=search&rec_idx=42378765&location=ts&searchword=%EB%8D%B0%EC%9D%B4%ED%84%B0+%EC%97%94%EC%A7%80%EB%8B%88%EC%96%B4&searchType=auto&paid_fl=n
(주)위메이드,[위메이드] Data Engineer 채용 공고, 경기전체,https://www.saramin.co.kr/zf_user/jobs/relay/view?view_type=search&rec_idx=41543152&location=ts&searchword=%EB%8D%B0%EC%9D%B4%ED%84%B0+%EC%97%94%EC%A7%80%EB%8B%88%EC%96%B4&searchType=auto&paid_fl=n
(주)무하유,[카피킬러/프리즘] DATA 엔지니어, 서울전체,https://www.saramin.co.kr/zf_user/jobs/relay/view?view_type=search&rec_idx=41810497&location=ts&searchword=%EB%8D%B0%EC%9D%B4%ED%84%B0+%EC%97%94%EC%A7%80%EB%8B%88%EC%96%B4&searchType=auto&paid_fl=n
(주)부동산다이렉트,[알스퀘어] Data engineer, 서울전체,https://www.saramin.co.kr/zf_user/jobs/relay/view?view_type=search&rec_idx=41384722&location=ts&searchword=%EB%8D%B0%EC%9D%B4%ED%84%B0+%EC%97%94%EC%A7%80%EB%8B%88%EC%96%B4&searchType=auto&paid_fl=n
(주)이제이엔,Data Engineer(3년 이상), 서울전체,https://www.saramin.co.kr/zf_user/jobs/relay/view?view_type=search&rec_idx=42123219&location=ts&searchword=%EB%8D%B0%EC%9D%B4%ED%84%B0+%EC%97%94%EC%A7%80%EB%8B%88%EC%96%B4&searchType=auto&paid_fl=n
오케스트로(주),Front-end/Back-end Engineer (Big Data Platform), 서울전체,https://www.saramin.co.kr/zf_user/jobs/relay/view?view_type=search&rec_idx=42076277&location=ts&searchword=%EB%8D%B0%EC%9D%B4%ED%84%B0+%EC%97%94%EC%A7%80%EB%8B%88%EC%96%B4&searchType=auto&paid_fl=n
(주)바로고,Data Engineer, 서울전체,https://www.saramin.co.kr/zf_user/jobs/relay/view?view_type=search&rec_idx=42263108&location=ts&searchword=%EB%8D%B0%EC%9D%B4%ED%84%B0+%EC%97%94%EC%A7%80%EB%8B%88%EC%96%B4&searchType=auto&paid_fl=n
(주)위메프,[위메프서비스] DW Data Engineer,서울 강남구,https://www.saramin.co.kr/zf_user/jobs/relay/view?view_type=search&rec_idx=42353473&location=ts&searchword=%EB%8D%B0%EC%9D%B4%ED%84%B0+%EC%97%94%EC%A7%80%EB%8B%88%EC%96%B4&searchType=auto&paid_fl=n
일렉트로닉아츠코리아유한책임회사,[피파온라인4] Software Engineer (DBA & Data Engineering), 서울전체,https://www.saramin.co.kr/zf_user/jobs/relay/view?view_type=search&rec_idx=41270335&location=ts&searchword=%EB%8D%B0%EC%9D%B4%ED%84%B0+%EC%97%94%EC%A7%80%EB%8B%88%EC%96%B4&searchType=auto&paid_fl=n
(주)브레이브모바일,[숨고] Data Engineer, 서울전체,https://www.saramin.co.kr/zf_user/jobs/relay/view?view_type=search&rec_idx=42275729&location=ts&searchword=%EB%8D%B0%EC%9D%B4%ED%84%B0+%EC%97%94%EC%A7%80%EB%8B%88%EC%96%B4&searchType=auto&paid_fl=n
(주)소프트베리,Data 분석/엔지니어, 서울전체,https://www.saramin.co.kr/zf_user/jobs/relay/view?view_type=search&rec_idx=41807100&location=ts&searchword=%EB%8D%B0%EC%9D%B4%ED%84%B0+%EC%97%94%EC%A7%80%EB%8B%88%EC%96%B4&searchType=auto&paid_fl=n
(주)오피지지,Front-end Engineer_신규서비스(게이머 매칭 서비스 및 Esports Data), 서울전체,https://www.saramin.co.kr/zf_user/jobs/relay/view?view_type=search&rec_idx=40277644&location=ts&searchword=%EB%8D%B0%EC%9D%B4%ED%84%B0+%EC%97%94%EC%A7%80%EB%8B%88%EC%96%B4&searchType=auto&paid_fl=n
(주)마이다스아이티,2022 마이다스 대규모 채용,신입,https://www.saramin.co.kr/zf_user/jobs/relay/view?view_type=search&rec_idx=42228973&location=ts&searchword=%EB%8D%B0%EC%9D%B4%ED%84%B0+%EC%97%94%EC%A7%80%EB%8B%88%EC%96%B4&searchType=auto&paid_fl=n
(주)코오롱,2022년 코오롱그룹 2월 정기공채,경기 과천시,https://www.saramin.co.kr/zf_user/jobs/relay/view?view_type=search&rec_idx=42305838&location=ts&searchword=%EB%8D%B0%EC%9D%B4%ED%84%B0+%EC%97%94%EC%A7%80%EB%8B%88%EC%96%B4&searchType=auto&paid_fl=n
캐논코리아 주식회사,각 부문 채용(신입/경력),서울 강남구,https://www.saramin.co.kr/zf_user/jobs/relay/view?view_type=search&rec_idx=42351129&location=ts&searchword=%EB%8D%B0%EC%9D%B4%ED%84%B0+%EC%97%94%EC%A7%80%EB%8B%88%EC%96%B4&searchType=auto&paid_fl=n
(주)마크로젠,㈜마크로젠 각 부문 신입/경력 직원채용,서울 강남구,https://www.saramin.co.kr/zf_user/jobs/relay/view?view_type=search&rec_idx=42350737&location=ts&searchword=%EB%8D%B0%EC%9D%B4%ED%84%B0+%EC%97%94%EC%A7%80%EB%8B%88%EC%96%B4&searchType=auto&paid_fl=n
에이치엔아이엔씨(주),HN (舊현대BS&C 주식회사) [IT부문 / 건설부문 / 지원부문] 신입/경력 채용공고,서울 중구,https://www.saramin.co.kr/zf_user/jobs/relay/view?view_type=search&rec_idx=42378054&location=ts&searchword=%EB%8D%B0%EC%9D%B4%ED%84%B0+%EC%97%94%EC%A7%80%EB%8B%88%EC%96%B4&searchType=auto&paid_fl=n
(주)한국씨티은행,2022년 인사/전산/오퍼레이션 부문 경력직 채용,서울 종로구,https://www.saramin.co.kr/zf_user/jobs/relay/view?view_type=search&rec_idx=42123967&location=ts&searchword=%EB%8D%B0%EC%9D%B4%ED%84%B0+%EC%97%94%EC%A7%80%EB%8B%88%EC%96%B4&searchType=auto&paid_fl=n
한국산업단지공단,2022년 신입직원 모집 공고, 대구전체,https://www.saramin.co.kr/zf_user/jobs/relay/view?view_type=search&rec_idx=42285614&location=ts&searchword=%EB%8D%B0%EC%9D%B4%ED%84%B0+%EC%97%94%EC%A7%80%EB%8B%88%EC%96%B4&searchType=auto&paid_fl=n
에스케이하이닉스(주),2022 상반기 SK하이닉스 신입사원/Junior Talent 수시채용,경기 이천시,https://www.saramin.co.kr/zf_user/jobs/relay/view?view_type=search&rec_idx=42339620&location=ts&searchword=%EB%8D%B0%EC%9D%B4%ED%84%B0+%EC%97%94%EC%A7%80%EB%8B%88%EC%96%B4&searchType=auto&paid_fl=n
금호석유화학그룹,금호석유화학그룹 - 2022년 상반기 경력사원 모집, 서울전체,https://www.saramin.co.kr/zf_user/jobs/relay/view?view_type=search&rec_idx=42337772&location=ts&searchword=%EB%8D%B0%EC%9D%B4%ED%84%B0+%EC%97%94%EC%A7%80%EB%8B%88%EC%96%B4&searchType=auto&paid_fl=n
(주)안랩,2022 상반기 연구소 신입사원 채용공고,경기 성남시 분당구,https://www.saramin.co.kr/zf_user/jobs/relay/view?view_type=search&rec_idx=42348695&location=ts&searchword=%EB%8D%B0%EC%9D%B4%ED%84%B0+%EC%97%94%EC%A7%80%EB%8B%88%EC%96%B4&searchType=auto&paid_fl=n
한국이콜랩(유),[외국계 화학] 각 부문 신입/경력 채용,서울 송파구,https://www.saramin.co.kr/zf_user/jobs/relay/view?view_type=search&rec_idx=42358912&location=ts&searchword=%EB%8D%B0%EC%9D%B4%ED%84%B0+%EC%97%94%EC%A7%80%EB%8B%88%EC%96%B4&searchType=auto&paid_fl=n
엘에스오토모티브테크놀로지스(주),LS오토모티브 2022년 신입/경력 공개채용,경기 안양시,https://www.saramin.co.kr/zf_user/jobs/relay/view?view_type=search&rec_idx=42367133&location=ts&searchword=%EB%8D%B0%EC%9D%B4%ED%84%B0+%EC%97%94%EC%A7%80%EB%8B%88%EC%96%B4&searchType=auto&paid_fl=n
현대오일뱅크(주),현대오일뱅크 채용 연계형 인턴 모집,충남 서산시,https://www.saramin.co.kr/zf_user/jobs/relay/view?view_type=search&rec_idx=42287618&location=ts&searchword=%EB%8D%B0%EC%9D%B4%ED%84%B0+%EC%97%94%EC%A7%80%EB%8B%88%EC%96%B4&searchType=auto&paid_fl=n
휴온스그룹,휴온스 그룹 수시채용,경기 성남시 수정구,https://www.saramin.co.kr/zf_user/jobs/relay/view?view_type=search&rec_idx=42232115&location=ts&searchword=%EB%8D%B0%EC%9D%B4%ED%84%B0+%EC%97%94%EC%A7%80%EB%8B%88%EC%96%B4&searchType=auto&paid_fl=n
(주)에코프로,에코프로그룹 2022 신입사원 채용,충북 청주시 청원구,https://www.saramin.co.kr/zf_user/jobs/relay/view?view_type=search&rec_idx=42338515&location=ts&searchword=%EB%8D%B0%EC%9D%B4%ED%84%B0+%EC%97%94%EC%A7%80%EB%8B%88%EC%96%B4&searchType=auto&paid_fl=n
국방기술진흥연구소,2022년 상반기 수시 모집 공고, 대전전체,https://www.saramin.co.kr/zf_user/jobs/relay/view?view_type=search&rec_idx=42347559&location=ts&searchword=%EB%8D%B0%EC%9D%B4%ED%84%B0+%EC%97%94%EC%A7%80%EB%8B%88%EC%96%B4&searchType=auto&paid_fl=n
(주)네이처리퍼블릭,네이처리퍼블릭 부문별 신입/경력사원 채용,서울 강남구,https://www.saramin.co.kr/zf_user/jobs/relay/view?view_type=search&rec_idx=42355250&location=ts&searchword=%EB%8D%B0%EC%9D%B4%ED%84%B0+%EC%97%94%EC%A7%80%EB%8B%88%EC%96%B4&searchType=auto&paid_fl=n
에스케이바이오팜(주),[SK바이오팜] 신약개발 R&D 웹 플랫폼 개발 경력 구성원 모집,경기 성남시,https://www.saramin.co.kr/zf_user/jobs/relay/view?view_type=search&rec_idx=42259120&location=ts&searchword=%EB%8D%B0%EC%9D%B4%ED%84%B0+%EC%97%94%EC%A7%80%EB%8B%88%EC%96%B4&searchType=auto&paid_fl=n
한양이엔지(주),한양이엔지㈜ 부문별 수시채용 직원모집,경기 화성시,https://www.saramin.co.kr/zf_user/jobs/relay/view?view_type=search&rec_idx=42383844&location=ts&searchword=%EB%8D%B0%EC%9D%B4%ED%84%B0+%EC%97%94%EC%A7%80%EB%8B%88%EC%96%B4&searchType=auto&paid_fl=n
(주)넥스트플레이어,신입/경력 대규모 채용,서울 용산구,https://www.saramin.co.kr/zf_user/jobs/relay/view?view_type=search&rec_idx=42276897&location=ts&searchword=%EB%8D%B0%EC%9D%B4%ED%84%B0+%EC%97%94%EC%A7%80%EB%8B%88%EC%96%B4&searchType=auto&paid_fl=n
종근당건강(주),각 부분 경력/신입 모집,서울 용산구,https://www.saramin.co.kr/zf_user/jobs/relay/view?view_type=search&rec_idx=42381414&location=ts&searchword=%EB%8D%B0%EC%9D%B4%ED%84%B0+%EC%97%94%EC%A7%80%EB%8B%88%EC%96%B4&searchType=auto&paid_fl=n
(주)델리오,2022년 대규모 공개 채용,서울 강남구,https://www.saramin.co.kr/zf_user/jobs/relay/view?view_type=search&rec_idx=42060490&location=ts&searchword=%EB%8D%B0%EC%9D%B4%ED%84%B0+%EC%97%94%EC%A7%80%EB%8B%88%EC%96%B4&searchType=auto&paid_fl=n
(주)윕스,(주)윕스 2022년 신입/경력직원 1분기 채용,서울 마포구,https://www.saramin.co.kr/zf_user/jobs/relay/view?view_type=search&rec_idx=42297230&location=ts&searchword=%EB%8D%B0%EC%9D%B4%ED%84%B0+%EC%97%94%EC%A7%80%EB%8B%88%EC%96%B4&searchType=auto&paid_fl=n
(주)그린카,2022년 각 부문 신입/경력 채용,서울 강남구,https://www.saramin.co.kr/zf_user/jobs/relay/view?view_type=search&rec_idx=42327205&location=ts&searchword=%EB%8D%B0%EC%9D%B4%ED%84%B0+%EC%97%94%EC%A7%80%EB%8B%88%EC%96%B4&searchType=auto&paid_fl=n
(주)교원,[교원그룹] 2월 신입/경력 정기 수시채용,서울 중구,https://www.saramin.co.kr/zf_user/jobs/relay/view?view_type=search&rec_idx=42369713&location=ts&searchword=%EB%8D%B0%EC%9D%B4%ED%84%B0+%EC%97%94%EC%A7%80%EB%8B%88%EC%96%B4&searchType=auto&paid_fl=n
(주)에스아이티,[한화그룹계열]에스아이티 경력 및 채용전제형 인턴사원 모집,경기 화성시,https://www.saramin.co.kr/zf_user/jobs/relay/view?view_type=search&rec_idx=42324931&location=ts&searchword=%EB%8D%B0%EC%9D%B4%ED%84%B0+%EC%97%94%EC%A7%80%EB%8B%88%EC%96%B4&searchType=auto&paid_fl=n
(주)가스트론,2022 상반기 각 부문별 신입/경력사원 모집,경기 군포시,https://www.saramin.co.kr/zf_user/jobs/relay/view?view_type=search&rec_idx=42239817&location=ts&searchword=%EB%8D%B0%EC%9D%B4%ED%84%B0+%EC%97%94%EC%A7%80%EB%8B%88%EC%96%B4&searchType=auto&paid_fl=n
(주)우진플라임,㈜우진플라임 부문별 인재채용,충북 보은군,https://www.saramin.co.kr/zf_user/jobs/relay/view?view_type=search&rec_idx=42241195&location=ts&searchword=%EB%8D%B0%EC%9D%B4%ED%84%B0+%EC%97%94%EC%A7%80%EB%8B%88%EC%96%B4&searchType=auto&paid_fl=n
(주)이노그리드,2022년 상반기 클라우드 전문기업 이노그리드 부문별 공개채용,서울 중구,https://www.saramin.co.kr/zf_user/jobs/relay/view?view_type=search&rec_idx=42255321&location=ts&searchword=%EB%8D%B0%EC%9D%B4%ED%84%B0+%EC%97%94%EC%A7%80%EB%8B%88%EC%96%B4&searchType=auto&paid_fl=n
(주)비엠씨,"BMC 각 부문별 신입/경력직 채용 (해외영업, 생산기술, 금형 외)",경기 안성시,https://www.saramin.co.kr/zf_user/jobs/relay/view?view_type=search&rec_idx=42294969&location=ts&searchword=%EB%8D%B0%EC%9D%B4%ED%84%B0+%EC%97%94%EC%A7%80%EB%8B%88%EC%96%B4&searchType=auto&paid_fl=n
(주)해광,(주)해광 각 부분별 신입/경력사원 채용,충북 진천군,https://www.saramin.co.kr/zf_user/jobs/relay/view?view_type=search&rec_idx=42334390&location=ts&searchword=%EB%8D%B0%EC%9D%B4%ED%84%B0+%EC%97%94%EC%A7%80%EB%8B%88%EC%96%B4&searchType=auto&paid_fl=n
행복쇼핑(주),2022년 각 부문별 경력/신입 채용,서울 영등포구,https://www.saramin.co.kr/zf_user/jobs/relay/view?view_type=search&rec_idx=42042751&location=ts&searchword=%EB%8D%B0%EC%9D%B4%ED%84%B0+%EC%97%94%EC%A7%80%EB%8B%88%EC%96%B4&searchType=auto&paid_fl=n
(주)무스마,상반기 각 부문 신입 및 경력 채용,서울 강남구,https://www.saramin.co.kr/zf_user/jobs/relay/view?view_type=search&rec_idx=42102275&location=ts&searchword=%EB%8D%B0%EC%9D%B4%ED%84%B0+%EC%97%94%EC%A7%80%EB%8B%88%EC%96%B4&searchType=auto&paid_fl=n
린데엔지니어링코리아(주),각 부문 경력사원 채용,경기 성남시 분당구,https://www.saramin.co.kr/zf_user/jobs/relay/view?view_type=search&rec_idx=41459763&location=ts&searchword=%EB%8D%B0%EC%9D%B4%ED%84%B0+%EC%97%94%EC%A7%80%EB%8B%88%EC%96%B4&searchType=auto&paid_fl=n
어보브반도체(주),어보브반도체 부문별 신입/경력직 채용,서울 강남구,https://www.saramin.co.kr/zf_user/jobs/relay/view?view_type=search&rec_idx=42271280&location=ts&searchword=%EB%8D%B0%EC%9D%B4%ED%84%B0+%EC%97%94%EC%A7%80%EB%8B%88%EC%96%B4&searchType=auto&paid_fl=n
한국쓰리엠(주),각 부문 신입/경력 모집 안내,경기 화성시,https://www.saramin.co.kr/zf_user/jobs/relay/view?view_type=search&rec_idx=42203388&location=ts&searchword=%EB%8D%B0%EC%9D%B4%ED%84%B0+%EC%97%94%EC%A7%80%EB%8B%88%EC%96%B4&searchType=auto&paid_fl=n
노벨리스코리아(주),2022 노벨리스코리아 경력/신입/계약직 채용,서울 중구,https://www.saramin.co.kr/zf_user/jobs/relay/view?view_type=search&rec_idx=42366115&location=ts&searchword=%EB%8D%B0%EC%9D%B4%ED%84%B0+%EC%97%94%EC%A7%80%EB%8B%88%EC%96%B4&searchType=auto&paid_fl=n
에이에스엠엘코리아(주),2022년 2월 경력사원 채용,경기 화성시,https://www.saramin.co.kr/zf_user/jobs/relay/view?view_type=search&rec_idx=42309465&location=ts&searchword=%EB%8D%B0%EC%9D%B4%ED%84%B0+%EC%97%94%EC%A7%80%EB%8B%88%EC%96%B4&searchType=auto&paid_fl=n
(주)에이비씨마트코리아,[에이비씨마트코리아] 각 부문 신입/경력 채용,서울 중구,https://www.saramin.co.kr/zf_user/jobs/relay/view?view_type=search&rec_idx=42324052&location=ts&searchword=%EB%8D%B0%EC%9D%B4%ED%84%B0+%EC%97%94%EC%A7%80%EB%8B%88%EC%96%B4&searchType=auto&paid_fl=n
(주)에듀윌,에듀윌 부문별 인재 모집 (DBA/학점은행제/출판 등),서울 구로구,https://www.saramin.co.kr/zf_user/jobs/relay/view?view_type=search&rec_idx=42208296&location=ts&searchword=%EB%8D%B0%EC%9D%B4%ED%84%B0+%EC%97%94%EC%A7%80%EB%8B%88%EC%96%B4&searchType=auto&paid_fl=n
(주)파라다이스세가사미,[파라다이스시티] 신입/경력 채용,인천 중구,https://www.saramin.co.kr/zf_user/jobs/relay/view?view_type=search&rec_idx=42280521&location=ts&searchword=%EB%8D%B0%EC%9D%B4%ED%84%B0+%EC%97%94%EC%A7%80%EB%8B%88%EC%96%B4&searchType=auto&paid_fl=n
(주)지에스리테일,[GS리테일] 홈쇼핑 B/U 각 분야 채용공고 (마케팅/IT/MD),서울 영등포구,https://www.saramin.co.kr/zf_user/jobs/relay/view?view_type=search&rec_idx=42318580&location=ts&searchword=%EB%8D%B0%EC%9D%B4%ED%84%B0+%EC%97%94%EC%A7%80%EB%8B%88%EC%96%B4&searchType=auto&paid_fl=n
(주)희림종합건축사사무소,CM하이테크(긴급)/CM현장/회계/건축설계/유튜브/VR파트 채용, 서울전체,https://www.saramin.co.kr/zf_user/jobs/relay/view?view_type=search&rec_idx=42171580&location=ts&searchword=%EB%8D%B0%EC%9D%B4%ED%84%B0+%EC%97%94%EC%A7%80%EB%8B%88%EC%96%B4&searchType=auto&paid_fl=n
(주)디에이피,㈜디에이피 안성공장 2022년 상반기 채용,경기 안성시,https://www.saramin.co.kr/zf_user/jobs/relay/view?view_type=search&rec_idx=42306483&location=ts&searchword=%EB%8D%B0%EC%9D%B4%ED%84%B0+%EC%97%94%EC%A7%80%EB%8B%88%EC%96%B4&searchType=auto&paid_fl=n
현대차증권(주),현대차증권 2022년 경력/신입 수시채용,서울 영등포구,https://www.saramin.co.kr/zf_user/jobs/relay/view?view_type=search&rec_idx=42306823&location=ts&searchword=%EB%8D%B0%EC%9D%B4%ED%84%B0+%EC%97%94%EC%A7%80%EB%8B%88%EC%96%B4&searchType=auto&paid_fl=n
(주)아이센스,(주)아이센스 2022년 상반기 신입 및 경력 수시채용,서울 서초구,https://www.saramin.co.kr/zf_user/jobs/relay/view?view_type=search&rec_idx=42270574&location=ts&searchword=%EB%8D%B0%EC%9D%B4%ED%84%B0+%EC%97%94%EC%A7%80%EB%8B%88%EC%96%B4&searchType=auto&paid_fl=n
(주)티웨이항공,[티웨이항공]산업안전보건/변호사/IT 채용,서울 강서구,https://www.saramin.co.kr/zf_user/jobs/relay/view?view_type=search&rec_idx=42386971&location=ts&searchword=%EB%8D%B0%EC%9D%B4%ED%84%B0+%EC%97%94%EC%A7%80%EB%8B%88%EC%96%B4&searchType=auto&paid_fl=n
(주)케이엠더블유,통신연구소 신입 공채 및 경력(개발/기술/품질) 수시채용,경기 화성시,https://www.saramin.co.kr/zf_user/jobs/relay/view?view_type=search&rec_idx=42177691&location=ts&searchword=%EB%8D%B0%EC%9D%B4%ED%84%B0+%EC%97%94%EC%A7%80%EB%8B%88%EC%96%B4&searchType=auto&paid_fl=n
(주)오상헬스케어,(주)오상헬스케어 각 분야 채용,경기 안양시 동안구,https://www.saramin.co.kr/zf_user/jobs/relay/view?view_type=search&rec_idx=42388125&location=ts&searchword=%EB%8D%B0%EC%9D%B4%ED%84%B0+%EC%97%94%EC%A7%80%EB%8B%88%EC%96%B4&searchType=auto&paid_fl=n
(주)쎌바이오텍,연구소/인사/마케팅/IT 경력직 채용,경기 김포시,https://www.saramin.co.kr/zf_user/jobs/relay/view?view_type=search&rec_idx=42353122&location=ts&searchword=%EB%8D%B0%EC%9D%B4%ED%84%B0+%EC%97%94%EC%A7%80%EB%8B%88%EC%96%B4&searchType=auto&paid_fl=n
에이치비솔루션(주),에이치비솔루션(주) 22년도 상반기 신입/경력 인재 채용,충남 아산시,https://www.saramin.co.kr/zf_user/jobs/relay/view?view_type=search&rec_idx=42384026&location=ts&searchword=%EB%8D%B0%EC%9D%B4%ED%84%B0+%EC%97%94%EC%A7%80%EB%8B%88%EC%96%B4&searchType=auto&paid_fl=n
(주)네이처셀,바이오스타그룹 부문별 정규 채용,서울 영등포구,https://www.saramin.co.kr/zf_user/jobs/relay/view?view_type=search&rec_idx=40468309&location=ts&searchword=%EB%8D%B0%EC%9D%B4%ED%84%B0+%EC%97%94%EC%A7%80%EB%8B%88%EC%96%B4&searchType=auto&paid_fl=n
에이피에스홀딩스(주),"2022년 APS그룹 공개채용[APS홀딩스, APS리서치, 디이엔티, 아스텔]",경기 화성시,https://www.saramin.co.kr/zf_user/jobs/relay/view?view_type=search&rec_idx=42335949&location=ts&searchword=%EB%8D%B0%EC%9D%B4%ED%84%B0+%EC%97%94%EC%A7%80%EB%8B%88%EC%96%B4&searchType=auto&paid_fl=n
유니셈(주),유니셈(주) 각부문 신입/경력사원 채용,경기 성남시 분당구,https://www.saramin.co.kr/zf_user/jobs/relay/view?view_type=search&rec_idx=42337592&location=ts&searchword=%EB%8D%B0%EC%9D%B4%ED%84%B0+%EC%97%94%EC%A7%80%EB%8B%88%EC%96%B4&searchType=auto&paid_fl=n
한솔인티큐브(주),한솔인티큐브 2022년 상반기 각 부문별 채용,서울 마포구,https://www.saramin.co.kr/zf_user/jobs/relay/view?view_type=search&rec_idx=42370980&location=ts&searchword=%EB%8D%B0%EC%9D%B4%ED%84%B0+%EC%97%94%EC%A7%80%EB%8B%88%EC%96%B4&searchType=auto&paid_fl=n
휴마시스(주),2022 상반기 각 부문 신입 및 경력 채용,경기 군포시,https://www.saramin.co.kr/zf_user/jobs/relay/view?view_type=search&rec_idx=42360375&location=ts&searchword=%EB%8D%B0%EC%9D%B4%ED%84%B0+%EC%97%94%EC%A7%80%EB%8B%88%EC%96%B4&searchType=auto&paid_fl=n
